Clock  ,Queue  ,CPU    ,NewIO? ,p1     ,p2     ,p3     ,p4     ,p5     ,p6     ,p7     ,p8     ,p9     ,p10    ,p11    ,p12    ,p13    ,p14    ,p15    
1      ,0      ,p1_1   ,       ,RUNNING,READY  ,READY  ,READY  ,READY  ,NEXIST ,NEXIST ,NEXIST ,NEXIST ,NEXIST ,READY  ,READY  ,READY  ,READY  ,READY  
2      ,0      ,p1_2   ,       ,RUNNING,READY  ,READY  ,READY  ,READY  ,NEXIST ,NEXIST ,NEXIST ,NEXIST ,NEXIST ,READY  ,READY  ,READY  ,READY  ,READY  
3      ,0      ,p2_1   ,True   ,READY  ,RUNNING,READY  ,READY  ,READY  ,NEXIST ,NEXIST ,NEXIST ,NEXIST ,NEXIST ,READY  ,READY  ,READY  ,READY  ,READY  
4      ,0      ,p3_1   ,       ,READY  ,WAITING,RUNNING,READY  ,READY  ,NEXIST ,NEXIST ,NEXIST ,NEXIST ,NEXIST ,READY  ,READY  ,READY  ,READY  ,READY  
5      ,0      ,p3_2   ,       ,READY  ,WAITING,RUNNING,READY  ,READY  ,NEXIST ,NEXIST ,NEXIST ,NEXIST ,NEXIST ,READY  ,READY  ,READY  ,READY  ,READY  
6      ,0      ,p4_1   ,True   ,READY  ,WAITING,READY  ,RUNNING,READY  ,NEXIST ,NEXIST ,NEXIST ,NEXIST ,NEXIST ,READY  ,READY  ,READY  ,READY  ,READY  
7      ,0      ,p5_1   ,       ,READY  ,READY  ,READY  ,WAITING,RUNNING,NEXIST ,NEXIST ,NEXIST ,NEXIST ,NEXIST ,READY  ,READY  ,READY  ,READY  ,READY  
8      ,0      ,p5_2   ,       ,READY  ,READY  ,READY  ,WAITING,RUNNING,NEXIST ,NEXIST ,NEXIST ,NEXIST ,NEXIST ,READY  ,READY  ,READY  ,READY  ,READY  
9      ,0      ,p11_1  ,       ,READY  ,READY  ,READY  ,READY  ,READY  ,NEXIST ,NEXIST ,NEXIST ,NEXIST ,NEXIST ,RUNNING,READY  ,READY  ,READY  ,READY  
10     ,0      ,p11_2  ,       ,READY  ,READY  ,READY  ,READY  ,READY  ,NEXIST ,NEXIST ,NEXIST ,NEXIST ,NEXIST ,RUNNING,READY  ,READY  ,READY  ,READY  
11     ,0      ,p12_1  ,       ,READY  ,READY  ,READY  ,READY  ,READY  ,NEXIST ,NEXIST ,NEXIST ,NEXIST ,NEXIST ,DONE   ,RUNNING,READY  ,READY  ,READY  
12     ,0      ,p12_2  ,       ,READY  ,READY  ,READY  ,READY  ,READY  ,NEXIST ,NEXIST ,NEXIST ,NEXIST ,NEXIST ,DONE   ,RUNNING,READY  ,READY  ,READY  
13     ,0      ,p13_1  ,       ,READY  ,READY  ,READY  ,READY  ,READY  ,NEXIST ,NEXIST ,NEXIST ,NEXIST ,NEXIST ,DONE   ,READY  ,RUNNING,READY  ,READY  
14     ,0      ,p13_2  ,       ,READY  ,READY  ,READY  ,READY  ,READY  ,NEXIST ,NEXIST ,NEXIST ,NEXIST ,NEXIST ,DONE   ,READY  ,RUNNING,READY  ,READY  
15     ,0      ,p14_1  ,       ,READY  ,READY  ,READY  ,READY  ,READY  ,NEXIST ,NEXIST ,NEXIST ,NEXIST ,NEXIST ,DONE   ,READY  ,READY  ,RUNNING,READY  
16     ,0      ,p14_2  ,       ,READY  ,READY  ,READY  ,READY  ,READY  ,NEXIST ,NEXIST ,NEXIST ,NEXIST ,NEXIST ,DONE   ,READY  ,READY  ,RUNNING,READY  
17     ,0      ,p15_1  ,       ,READY  ,READY  ,READY  ,READY  ,READY  ,NEXIST ,NEXIST ,NEXIST ,NEXIST ,NEXIST ,DONE   ,READY  ,READY  ,READY  ,RUNNING
18     ,0      ,p15_2  ,       ,READY  ,READY  ,READY  ,READY  ,READY  ,NEXIST ,NEXIST ,NEXIST ,NEXIST ,NEXIST ,DONE   ,READY  ,READY  ,READY  ,RUNNING
19     ,0      ,p2_2   ,       ,READY  ,RUNNING,READY  ,READY  ,READY  ,NEXIST ,NEXIST ,NEXIST ,NEXIST ,NEXIST ,DONE   ,READY  ,READY  ,READY  ,READY  
20     ,0      ,p2_3   ,       ,READY  ,RUNNING,READY  ,READY  ,READY  ,NEXIST ,NEXIST ,NEXIST ,NEXIST ,NEXIST ,DONE   ,READY  ,READY  ,READY  ,READY  
21     ,0      ,p4_2   ,       ,READY  ,READY  ,READY  ,RUNNING,READY  ,NEXIST ,NEXIST ,NEXIST ,NEXIST ,NEXIST ,DONE   ,READY  ,READY  ,READY  ,READY  
22     ,0      ,p4_3   ,True   ,READY  ,READY  ,READY  ,RUNNING,READY  ,NEXIST ,NEXIST ,NEXIST ,NEXIST ,NEXIST ,DONE   ,READY  ,READY  ,READY  ,READY  
23     ,1      ,p1_3   ,True   ,RUNNING,READY  ,READY  ,WAITING,READY  ,NEXIST ,NEXIST ,NEXIST ,NEXIST ,NEXIST ,DONE   ,READY  ,READY  ,READY  ,READY  
24     ,1      ,p3_3   ,       ,WAITING,READY  ,RUNNING,WAITING,READY  ,NEXIST ,NEXIST ,NEXIST ,NEXIST ,NEXIST ,DONE   ,READY  ,READY  ,READY  ,READY  
25     ,0      ,p4_4   ,       ,WAITING,READY  ,READY  ,RUNNING,READY  ,NEXIST ,NEXIST ,NEXIST ,NEXIST ,NEXIST ,DONE   ,READY  ,READY  ,READY  ,READY  
26     ,0      ,p4_5   ,       ,WAITING,READY  ,READY  ,RUNNING,READY  ,NEXIST ,NEXIST ,NEXIST ,NEXIST ,NEXIST ,DONE   ,READY  ,READY  ,READY  ,READY  
27     ,1      ,p5_3   ,True   ,WAITING,READY  ,READY  ,READY  ,RUNNING,NEXIST ,NEXIST ,NEXIST ,NEXIST ,NEXIST ,DONE   ,READY  ,READY  ,READY  ,READY  
28     ,0      ,p1_4   ,       ,RUNNING,READY  ,READY  ,READY  ,WAITING,NEXIST ,NEXIST ,NEXIST ,NEXIST ,NEXIST ,DONE   ,READY  ,READY  ,READY  ,READY  
29     ,0      ,p1_5   ,       ,RUNNING,READY  ,READY  ,READY  ,WAITING,NEXIST ,NEXIST ,NEXIST ,NEXIST ,NEXIST ,DONE   ,READY  ,READY  ,READY  ,READY  
30     ,1      ,p12_3  ,       ,READY  ,READY  ,READY  ,READY  ,WAITING,NEXIST ,NEXIST ,NEXIST ,NEXIST ,NEXIST ,DONE   ,RUNNING,READY  ,READY  ,READY  
31     ,0      ,p5_4   ,       ,READY  ,READY  ,READY  ,READY  ,RUNNING,NEXIST ,NEXIST ,NEXIST ,NEXIST ,NEXIST ,DONE   ,READY  ,READY  ,READY  ,READY  
32     ,0      ,p5_5   ,True   ,READY  ,READY  ,READY  ,READY  ,RUNNING,NEXIST ,NEXIST ,NEXIST ,NEXIST ,NEXIST ,DONE   ,READY  ,READY  ,READY  ,READY  
33     ,1      ,p13_3  ,       ,READY  ,READY  ,READY  ,READY  ,WAITING,NEXIST ,NEXIST ,NEXIST ,NEXIST ,NEXIST ,DONE   ,READY  ,RUNNING,READY  ,READY  
34     ,1      ,p13_4  ,       ,READY  ,READY  ,READY  ,READY  ,WAITING,NEXIST ,NEXIST ,NEXIST ,NEXIST ,NEXIST ,DONE   ,READY  ,RUNNING,READY  ,READY  
35     ,1      ,p13_5  ,       ,READY  ,READY  ,READY  ,READY  ,WAITING,NEXIST ,NEXIST ,NEXIST ,NEXIST ,NEXIST ,DONE   ,READY  ,RUNNING,READY  ,READY  
36     ,1      ,p14_3  ,       ,READY  ,READY  ,READY  ,READY  ,WAITING,NEXIST ,NEXIST ,NEXIST ,NEXIST ,NEXIST ,DONE   ,READY  ,DONE   ,RUNNING,READY  
37     ,1      ,p14_4  ,       ,READY  ,READY  ,READY  ,READY  ,WAITING,NEXIST ,NEXIST ,NEXIST ,NEXIST ,NEXIST ,DONE   ,READY  ,DONE   ,RUNNING,READY  
38     ,1      ,p14_5  ,       ,READY  ,READY  ,READY  ,READY  ,WAITING,NEXIST ,NEXIST ,NEXIST ,NEXIST ,NEXIST ,DONE   ,READY  ,DONE   ,RUNNING,READY  
39     ,1      ,p14_6  ,       ,READY  ,READY  ,READY  ,READY  ,WAITING,NEXIST ,NEXIST ,NEXIST ,NEXIST ,NEXIST ,DONE   ,READY  ,DONE   ,RUNNING,READY  
40     ,1      ,p15_3  ,       ,READY  ,READY  ,READY  ,READY  ,WAITING,NEXIST ,NEXIST ,NEXIST ,NEXIST ,NEXIST ,DONE   ,READY  ,DONE   ,READY  ,RUNNING
41     ,1      ,p15_4  ,       ,READY  ,READY  ,READY  ,READY  ,WAITING,NEXIST ,NEXIST ,NEXIST ,NEXIST ,NEXIST ,DONE   ,READY  ,DONE   ,READY  ,RUNNING
42     ,1      ,p15_5  ,       ,READY  ,READY  ,READY  ,READY  ,WAITING,NEXIST ,NEXIST ,NEXIST ,NEXIST ,NEXIST ,DONE   ,READY  ,DONE   ,READY  ,RUNNING
43     ,1      ,p15_6  ,       ,READY  ,READY  ,READY  ,READY  ,WAITING,NEXIST ,NEXIST ,NEXIST ,NEXIST ,NEXIST ,DONE   ,READY  ,DONE   ,READY  ,RUNNING
44     ,1      ,p2_4   ,       ,READY  ,RUNNING,READY  ,READY  ,WAITING,NEXIST ,NEXIST ,NEXIST ,NEXIST ,NEXIST ,DONE   ,READY  ,DONE   ,READY  ,READY  
45     ,1      ,p2_5   ,       ,READY  ,RUNNING,READY  ,READY  ,WAITING,NEXIST ,NEXIST ,NEXIST ,NEXIST ,NEXIST ,DONE   ,READY  ,DONE   ,READY  ,READY  
46     ,1      ,p2_6   ,       ,READY  ,RUNNING,READY  ,READY  ,WAITING,NEXIST ,NEXIST ,NEXIST ,NEXIST ,NEXIST ,DONE   ,READY  ,DONE   ,READY  ,READY  
47     ,1      ,p2_7   ,       ,READY  ,RUNNING,READY  ,READY  ,WAITING,NEXIST ,NEXIST ,NEXIST ,NEXIST ,NEXIST ,DONE   ,READY  ,DONE   ,READY  ,READY  
48     ,1      ,p3_4   ,       ,READY  ,READY  ,RUNNING,READY  ,WAITING,NEXIST ,NEXIST ,NEXIST ,NEXIST ,NEXIST ,DONE   ,READY  ,DONE   ,READY  ,READY  
49     ,1      ,p3_5   ,       ,READY  ,READY  ,RUNNING,READY  ,WAITING,NEXIST ,NEXIST ,NEXIST ,NEXIST ,NEXIST ,DONE   ,READY  ,DONE   ,READY  ,READY  
50     ,1      ,p3_6   ,       ,READY  ,READY  ,RUNNING,READY  ,WAITING,NEXIST ,NEXIST ,NEXIST ,NEXIST ,NEXIST ,DONE   ,READY  ,DONE   ,READY  ,READY  
51     ,1      ,p3_7   ,       ,READY  ,READY  ,RUNNING,READY  ,WAITING,NEXIST ,NEXIST ,NEXIST ,NEXIST ,NEXIST ,DONE   ,READY  ,DONE   ,READY  ,READY  
52     ,1      ,p4_6   ,       ,READY  ,READY  ,READY  ,RUNNING,WAITING,NEXIST ,NEXIST ,NEXIST ,NEXIST ,NEXIST ,DONE   ,READY  ,DONE   ,READY  ,READY  
53     ,1      ,p4_7   ,       ,READY  ,READY  ,READY  ,RUNNING,WAITING,NEXIST ,NEXIST ,NEXIST ,NEXIST ,NEXIST ,DONE   ,READY  ,DONE   ,READY  ,READY  
54     ,1      ,p4_8   ,True   ,READY  ,READY  ,READY  ,RUNNING,WAITING,NEXIST ,NEXIST ,NEXIST ,NEXIST ,NEXIST ,DONE   ,READY  ,DONE   ,READY  ,READY  
55     ,0      ,p5_6   ,       ,READY  ,READY  ,READY  ,WAITING,RUNNING,NEXIST ,NEXIST ,NEXIST ,NEXIST ,NEXIST ,DONE   ,READY  ,DONE   ,READY  ,READY  
56     ,0      ,p5_7   ,       ,READY  ,READY  ,READY  ,READY  ,RUNNING,NEXIST ,NEXIST ,NEXIST ,NEXIST ,NEXIST ,DONE   ,READY  ,DONE   ,READY  ,READY  
57     ,0      ,p4_9   ,True   ,READY  ,READY  ,READY  ,RUNNING,READY  ,NEXIST ,NEXIST ,NEXIST ,NEXIST ,NEXIST ,DONE   ,READY  ,DONE   ,READY  ,READY  
58     ,1      ,p1_6   ,True   ,RUNNING,READY  ,READY  ,WAITING,READY  ,NEXIST ,NEXIST ,NEXIST ,NEXIST ,NEXIST ,DONE   ,READY  ,DONE   ,READY  ,READY  
59     ,1      ,p12_4  ,       ,WAITING,READY  ,READY  ,WAITING,READY  ,NEXIST ,NEXIST ,NEXIST ,NEXIST ,NEXIST ,DONE   ,RUNNING,DONE   ,READY  ,READY  
60     ,1      ,p12_5  ,       ,WAITING,READY  ,READY  ,WAITING,READY  ,NEXIST ,NEXIST ,NEXIST ,NEXIST ,NEXIST ,DONE   ,RUNNING,DONE   ,READY  ,READY  
61     ,0      ,p6_1   ,       ,WAITING,READY  ,READY  ,WAITING,READY  ,RUNNING,NEXIST ,NEXIST ,NEXIST ,NEXIST ,DONE   ,READY  ,DONE   ,READY  ,READY  
62     ,0      ,p6_2   ,       ,WAITING,READY  ,READY  ,WAITING,READY  ,RUNNING,NEXIST ,NEXIST ,NEXIST ,NEXIST ,DONE   ,READY  ,DONE   ,READY  ,READY  
63     ,0      ,p4_10  ,True   ,WAITING,READY  ,READY  ,RUNNING,READY  ,READY  ,NEXIST ,NEXIST ,NEXIST ,NEXIST ,DONE   ,READY  ,DONE   ,READY  ,READY  
64     ,1      ,p5_8   ,       ,WAITING,READY  ,READY  ,WAITING,RUNNING,READY  ,NEXIST ,NEXIST ,NEXIST ,NEXIST ,DONE   ,READY  ,DONE   ,READY  ,READY  
65     ,1      ,p5_9   ,       ,WAITING,READY  ,READY  ,WAITING,RUNNING,READY  ,NEXIST ,NEXIST ,NEXIST ,NEXIST ,DONE   ,READY  ,DONE   ,READY  ,READY  
66     ,1      ,p5_10  ,       ,WAITING,READY  ,READY  ,WAITING,RUNNING,READY  ,NEXIST ,NEXIST ,NEXIST ,NEXIST ,DONE   ,READY  ,DONE   ,READY  ,READY  
67     ,1      ,p5_11  ,True   ,WAITING,READY  ,READY  ,WAITING,RUNNING,READY  ,NEXIST ,NEXIST ,NEXIST ,NEXIST ,DONE   ,READY  ,DONE   ,READY  ,READY  
68     ,1      ,p12_6  ,       ,WAITING,READY  ,READY  ,WAITING,WAITING,READY  ,NEXIST ,NEXIST ,NEXIST ,NEXIST ,DONE   ,RUNNING,DONE   ,READY  ,READY  
69     ,1      ,p12_7  ,       ,WAITING,READY  ,READY  ,WAITING,WAITING,READY  ,NEXIST ,NEXIST ,NEXIST ,NEXIST ,DONE   ,RUNNING,DONE   ,READY  ,READY  
70     ,1      ,p12_8  ,       ,WAITING,READY  ,READY  ,WAITING,WAITING,READY  ,NEXIST ,NEXIST ,NEXIST ,NEXIST ,DONE   ,RUNNING,DONE   ,READY  ,READY  
71     ,0      ,p7_1   ,       ,WAITING,READY  ,READY  ,WAITING,WAITING,READY  ,RUNNING,NEXIST ,NEXIST ,NEXIST ,DONE   ,READY  ,DONE   ,READY  ,READY  
72     ,0      ,p7_2   ,       ,WAITING,READY  ,READY  ,WAITING,WAITING,READY  ,RUNNING,NEXIST ,NEXIST ,NEXIST ,DONE   ,READY  ,DONE   ,READY  ,READY  
73     ,0      ,p1_7   ,True   ,RUNNING,READY  ,READY  ,WAITING,WAITING,READY  ,READY  ,NEXIST ,NEXIST ,NEXIST ,DONE   ,READY  ,DONE   ,READY  ,READY  
74     ,1      ,p6_3   ,       ,WAITING,READY  ,READY  ,WAITING,WAITING,RUNNING,READY  ,NEXIST ,NEXIST ,NEXIST ,DONE   ,READY  ,DONE   ,READY  ,READY  
75     ,0      ,p4_11  ,       ,WAITING,READY  ,READY  ,RUNNING,WAITING,READY  ,READY  ,NEXIST ,NEXIST ,NEXIST ,DONE   ,READY  ,DONE   ,READY  ,READY  
76     ,0      ,p4_12  ,True   ,WAITING,READY  ,READY  ,RUNNING,WAITING,READY  ,READY  ,NEXIST ,NEXIST ,NEXIST ,DONE   ,READY  ,DONE   ,READY  ,READY  
77     ,1      ,p12_9  ,       ,WAITING,READY  ,READY  ,WAITING,WAITING,READY  ,READY  ,NEXIST ,NEXIST ,NEXIST ,DONE   ,RUNNING,DONE   ,READY  ,READY  
78     ,1      ,p12_10 ,       ,WAITING,READY  ,READY  ,WAITING,WAITING,READY  ,READY  ,NEXIST ,NEXIST ,NEXIST ,DONE   ,RUNNING,DONE   ,READY  ,READY  
79     ,1      ,p12_11 ,       ,WAITING,READY  ,READY  ,WAITING,WAITING,READY  ,READY  ,NEXIST ,NEXIST ,NEXIST ,DONE   ,RUNNING,DONE   ,READY  ,READY  
80     ,0      ,p4_13  ,       ,WAITING,READY  ,READY  ,RUNNING,WAITING,READY  ,READY  ,NEXIST ,NEXIST ,NEXIST ,DONE   ,READY  ,DONE   ,READY  ,READY  
81     ,0      ,p4_14  ,       ,WAITING,READY  ,READY  ,RUNNING,WAITING,READY  ,READY  ,READY  ,NEXIST ,NEXIST ,DONE   ,READY  ,DONE   ,READY  ,READY  
82     ,0      ,p8_1   ,       ,WAITING,READY  ,READY  ,READY  ,WAITING,READY  ,READY  ,RUNNING,NEXIST ,NEXIST ,DONE   ,READY  ,DONE   ,READY  ,READY  
83     ,0      ,p8_2   ,       ,WAITING,READY  ,READY  ,READY  ,WAITING,READY  ,READY  ,RUNNING,NEXIST ,NEXIST ,DONE   ,READY  ,DONE   ,READY  ,READY  
84     ,1      ,p7_3   ,       ,WAITING,READY  ,READY  ,READY  ,WAITING,READY  ,RUNNING,READY  ,NEXIST ,NEXIST ,DONE   ,READY  ,DONE   ,READY  ,READY  
85     ,1      ,p7_4   ,       ,WAITING,READY  ,READY  ,READY  ,WAITING,READY  ,RUNNING,READY  ,NEXIST ,NEXIST ,DONE   ,READY  ,DONE   ,READY  ,READY  
86     ,1      ,p7_5   ,       ,WAITING,READY  ,READY  ,READY  ,WAITING,READY  ,RUNNING,READY  ,NEXIST ,NEXIST ,DONE   ,READY  ,DONE   ,READY  ,READY  
87     ,1      ,p7_6   ,       ,WAITING,READY  ,READY  ,READY  ,WAITING,READY  ,RUNNING,READY  ,NEXIST ,NEXIST ,DONE   ,READY  ,DONE   ,READY  ,READY  
88     ,0      ,p5_12  ,True   ,WAITING,READY  ,READY  ,READY  ,RUNNING,READY  ,READY  ,READY  ,NEXIST ,NEXIST ,DONE   ,READY  ,DONE   ,READY  ,READY  
89     ,0      ,p1_8   ,True   ,RUNNING,READY  ,READY  ,READY  ,WAITING,READY  ,READY  ,READY  ,NEXIST ,NEXIST ,DONE   ,READY  ,DONE   ,READY  ,READY  
90     ,1      ,p6_4   ,       ,WAITING,READY  ,READY  ,READY  ,WAITING,RUNNING,READY  ,READY  ,NEXIST ,NEXIST ,DONE   ,READY  ,DONE   ,READY  ,READY  
91     ,0      ,p9_1   ,       ,WAITING,READY  ,READY  ,READY  ,WAITING,READY  ,READY  ,READY  ,RUNNING,NEXIST ,DONE   ,READY  ,DONE   ,READY  ,READY  
92     ,0      ,p9_2   ,       ,WAITING,READY  ,READY  ,READY  ,WAITING,READY  ,READY  ,READY  ,RUNNING,NEXIST ,DONE   ,READY  ,DONE   ,READY  ,READY  
93     ,0      ,p1_9   ,True   ,RUNNING,READY  ,READY  ,READY  ,WAITING,READY  ,READY  ,READY  ,READY  ,NEXIST ,DONE   ,READY  ,DONE   ,READY  ,READY  
94     ,1      ,p12_12 ,       ,WAITING,READY  ,READY  ,READY  ,WAITING,READY  ,READY  ,READY  ,READY  ,NEXIST ,DONE   ,RUNNING,DONE   ,READY  ,READY  
95     ,1      ,p12_13 ,       ,WAITING,READY  ,READY  ,READY  ,WAITING,READY  ,READY  ,READY  ,READY  ,NEXIST ,DONE   ,RUNNING,DONE   ,READY  ,READY  
96     ,1      ,p12_14 ,       ,WAITING,READY  ,READY  ,READY  ,WAITING,READY  ,READY  ,READY  ,READY  ,NEXIST ,DONE   ,RUNNING,DONE   ,READY  ,READY  
97     ,1      ,p12_15 ,       ,WAITING,READY  ,READY  ,READY  ,WAITING,READY  ,READY  ,READY  ,READY  ,NEXIST ,DONE   ,RUNNING,DONE   ,READY  ,READY  
98     ,1      ,p4_15  ,True   ,WAITING,READY  ,READY  ,RUNNING,WAITING,READY  ,READY  ,READY  ,READY  ,NEXIST ,DONE   ,READY  ,DONE   ,READY  ,READY  
99     ,1      ,p8_3   ,       ,WAITING,READY  ,READY  ,WAITING,WAITING,READY  ,READY  ,RUNNING,READY  ,NEXIST ,DONE   ,READY  ,DONE   ,READY  ,READY  
100    ,1      ,p8_4   ,       ,WAITING,READY  ,READY  ,WAITING,WAITING,READY  ,READY  ,RUNNING,READY  ,NEXIST ,DONE   ,READY  ,DONE   ,READY  ,READY  
101    ,0      ,p1_10  ,       ,RUNNING,READY  ,READY  ,WAITING,WAITING,READY  ,READY  ,READY  ,READY  ,READY  ,DONE   ,READY  ,DONE   ,READY  ,READY  
102    ,0      ,p1_11  ,True   ,RUNNING,READY  ,READY  ,WAITING,WAITING,READY  ,READY  ,READY  ,READY  ,READY  ,DONE   ,READY  ,DONE   ,READY  ,READY  
103    ,0      ,p10_1  ,       ,WAITING,READY  ,READY  ,READY  ,WAITING,READY  ,READY  ,READY  ,READY  ,RUNNING,DONE   ,READY  ,DONE   ,READY  ,READY  
104    ,0      ,p10_2  ,       ,WAITING,READY  ,READY  ,READY  ,WAITING,READY  ,READY  ,READY  ,READY  ,RUNNING,DONE   ,READY  ,DONE   ,READY  ,READY  
105    ,0      ,p4_16  ,True   ,WAITING,READY  ,READY  ,RUNNING,WAITING,READY  ,READY  ,READY  ,READY  ,READY  ,DONE   ,READY  ,DONE   ,READY  ,READY  
106    ,1      ,p7_7   ,       ,WAITING,READY  ,READY  ,WAITING,WAITING,READY  ,RUNNING,READY  ,READY  ,READY  ,DONE   ,READY  ,DONE   ,READY  ,READY  
107    ,1      ,p7_8   ,       ,WAITING,READY  ,READY  ,WAITING,WAITING,READY  ,RUNNING,READY  ,READY  ,READY  ,DONE   ,READY  ,DONE   ,READY  ,READY  
108    ,1      ,p7_9   ,       ,WAITING,READY  ,READY  ,WAITING,WAITING,READY  ,RUNNING,READY  ,READY  ,READY  ,DONE   ,READY  ,DONE   ,READY  ,READY  
109    ,1      ,p7_10  ,       ,WAITING,READY  ,READY  ,WAITING,WAITING,READY  ,RUNNING,READY  ,READY  ,READY  ,DONE   ,READY  ,DONE   ,READY  ,READY  
110    ,1      ,p6_5   ,       ,WAITING,READY  ,READY  ,WAITING,WAITING,RUNNING,DONE   ,READY  ,READY  ,READY  ,DONE   ,READY  ,DONE   ,READY  ,READY  
111    ,1      ,p6_6   ,       ,WAITING,READY  ,READY  ,WAITING,WAITING,RUNNING,DONE   ,READY  ,READY  ,READY  ,DONE   ,READY  ,DONE   ,READY  ,READY  
112    ,1      ,p6_7   ,       ,WAITING,READY  ,READY  ,WAITING,WAITING,RUNNING,DONE   ,READY  ,READY  ,READY  ,DONE   ,READY  ,DONE   ,READY  ,READY  
113    ,1      ,p6_8   ,       ,WAITING,READY  ,READY  ,WAITING,WAITING,RUNNING,DONE   ,READY  ,READY  ,READY  ,DONE   ,READY  ,DONE   ,READY  ,READY  
114    ,1      ,p9_3   ,       ,WAITING,READY  ,READY  ,WAITING,WAITING,READY  ,DONE   ,READY  ,RUNNING,READY  ,DONE   ,READY  ,DONE   ,READY  ,READY  
115    ,1      ,p9_4   ,       ,WAITING,READY  ,READY  ,WAITING,WAITING,READY  ,DONE   ,READY  ,RUNNING,READY  ,DONE   ,READY  ,DONE   ,READY  ,READY  
116    ,1      ,p9_5   ,       ,WAITING,READY  ,READY  ,WAITING,WAITING,READY  ,DONE   ,READY  ,RUNNING,READY  ,DONE   ,READY  ,DONE   ,READY  ,READY  
117    ,0      ,p5_13  ,       ,WAITING,READY  ,READY  ,WAITING,RUNNING,READY  ,DONE   ,READY  ,READY  ,READY  ,DONE   ,READY  ,DONE   ,READY  ,READY  
118    ,0      ,p5_14  ,True   ,WAITING,READY  ,READY  ,WAITING,RUNNING,READY  ,DONE   ,READY  ,READY  ,READY  ,DONE   ,READY  ,DONE   ,READY  ,READY  
119    ,1      ,p8_5   ,       ,WAITING,READY  ,READY  ,WAITING,WAITING,READY  ,DONE   ,RUNNING,READY  ,READY  ,DONE   ,READY  ,DONE   ,READY  ,READY  
120    ,1      ,p8_6   ,       ,WAITING,READY  ,READY  ,WAITING,WAITING,READY  ,DONE   ,RUNNING,READY  ,READY  ,DONE   ,READY  ,DONE   ,READY  ,READY  
121    ,1      ,p8_7   ,       ,WAITING,READY  ,READY  ,WAITING,WAITING,READY  ,DONE   ,RUNNING,READY  ,READY  ,DONE   ,READY  ,DONE   ,READY  ,READY  
122    ,1      ,p8_8   ,       ,WAITING,READY  ,READY  ,WAITING,WAITING,READY  ,DONE   ,RUNNING,READY  ,READY  ,DONE   ,READY  ,DONE   ,READY  ,READY  
123    ,1      ,p10_3  ,       ,WAITING,READY  ,READY  ,WAITING,WAITING,READY  ,DONE   ,READY  ,READY  ,RUNNING,DONE   ,READY  ,DONE   ,READY  ,READY  
124    ,0      ,p5_15  ,True   ,WAITING,READY  ,READY  ,WAITING,RUNNING,READY  ,DONE   ,READY  ,READY  ,READY  ,DONE   ,READY  ,DONE   ,READY  ,READY  
125    ,0      ,p4_17  ,       ,WAITING,READY  ,READY  ,RUNNING,WAITING,READY  ,DONE   ,READY  ,READY  ,READY  ,DONE   ,READY  ,DONE   ,READY  ,READY  
126    ,0      ,p4_18  ,       ,WAITING,READY  ,READY  ,RUNNING,READY  ,READY  ,DONE   ,READY  ,READY  ,READY  ,DONE   ,READY  ,DONE   ,READY  ,READY  
127    ,0      ,p5_16  ,True   ,WAITING,READY  ,READY  ,READY  ,RUNNING,READY  ,DONE   ,READY  ,READY  ,READY  ,DONE   ,READY  ,DONE   ,READY  ,READY  
128    ,1      ,p9_6   ,       ,WAITING,READY  ,READY  ,READY  ,WAITING,READY  ,DONE   ,READY  ,RUNNING,READY  ,DONE   ,READY  ,DONE   ,READY  ,READY  
129    ,1      ,p9_7   ,       ,WAITING,READY  ,READY  ,READY  ,WAITING,READY  ,DONE   ,READY  ,RUNNING,READY  ,DONE   ,READY  ,DONE   ,READY  ,READY  
130    ,1      ,p9_8   ,       ,WAITING,READY  ,READY  ,READY  ,WAITING,READY  ,DONE   ,READY  ,RUNNING,READY  ,DONE   ,READY  ,DONE   ,READY  ,READY  
131    ,0      ,p5_17  ,True   ,WAITING,READY  ,READY  ,READY  ,RUNNING,READY  ,DONE   ,READY  ,READY  ,READY  ,DONE   ,READY  ,DONE   ,READY  ,READY  
132    ,1      ,p10_4  ,       ,WAITING,READY  ,READY  ,READY  ,WAITING,READY  ,DONE   ,READY  ,READY  ,RUNNING,DONE   ,READY  ,DONE   ,READY  ,READY  
133    ,1      ,p10_5  ,       ,WAITING,READY  ,READY  ,READY  ,WAITING,READY  ,DONE   ,READY  ,READY  ,RUNNING,DONE   ,READY  ,DONE   ,READY  ,READY  
134    ,0      ,p1_12  ,       ,RUNNING,READY  ,READY  ,READY  ,WAITING,READY  ,DONE   ,READY  ,READY  ,READY  ,DONE   ,READY  ,DONE   ,READY  ,READY  
135    ,0      ,p1_13  ,       ,RUNNING,READY  ,READY  ,READY  ,WAITING,READY  ,DONE   ,READY  ,READY  ,READY  ,DONE   ,READY  ,DONE   ,READY  ,READY  
136    ,1      ,p4_19  ,True   ,READY  ,READY  ,READY  ,RUNNING,WAITING,READY  ,DONE   ,READY  ,READY  ,READY  ,DONE   ,READY  ,DONE   ,READY  ,READY  
137    ,1      ,p9_9   ,       ,READY  ,READY  ,READY  ,WAITING,WAITING,READY  ,DONE   ,READY  ,RUNNING,READY  ,DONE   ,READY  ,DONE   ,READY  ,READY  
138    ,1      ,p9_10  ,       ,READY  ,READY  ,READY  ,WAITING,WAITING,READY  ,DONE   ,READY  ,RUNNING,READY  ,DONE   ,READY  ,DONE   ,READY  ,READY  
139    ,1      ,p10_6  ,       ,READY  ,READY  ,READY  ,WAITING,WAITING,READY  ,DONE   ,READY  ,DONE   ,RUNNING,DONE   ,READY  ,DONE   ,READY  ,READY  
140    ,1      ,p10_7  ,       ,READY  ,READY  ,READY  ,WAITING,WAITING,READY  ,DONE   ,READY  ,DONE   ,RUNNING,DONE   ,READY  ,DONE   ,READY  ,READY  
141    ,0      ,p5_18  ,       ,READY  ,READY  ,READY  ,WAITING,RUNNING,READY  ,DONE   ,READY  ,DONE   ,READY  ,DONE   ,READY  ,DONE   ,READY  ,READY  
142    ,0      ,p5_19  ,       ,READY  ,READY  ,READY  ,WAITING,RUNNING,READY  ,DONE   ,READY  ,DONE   ,READY  ,DONE   ,READY  ,DONE   ,READY  ,READY  
143    ,1      ,p1_14  ,       ,RUNNING,READY  ,READY  ,WAITING,READY  ,READY  ,DONE   ,READY  ,DONE   ,READY  ,DONE   ,READY  ,DONE   ,READY  ,READY  
144    ,1      ,p1_15  ,True   ,RUNNING,READY  ,READY  ,WAITING,READY  ,READY  ,DONE   ,READY  ,DONE   ,READY  ,DONE   ,READY  ,DONE   ,READY  ,READY  
145    ,1      ,p10_8  ,       ,WAITING,READY  ,READY  ,WAITING,READY  ,READY  ,DONE   ,READY  ,DONE   ,RUNNING,DONE   ,READY  ,DONE   ,READY  ,READY  
146    ,1      ,p10_9  ,       ,WAITING,READY  ,READY  ,WAITING,READY  ,READY  ,DONE   ,READY  ,DONE   ,RUNNING,DONE   ,READY  ,DONE   ,READY  ,READY  
147    ,1      ,p10_10 ,       ,WAITING,READY  ,READY  ,WAITING,READY  ,READY  ,DONE   ,READY  ,DONE   ,RUNNING,DONE   ,READY  ,DONE   ,READY  ,READY  
148    ,1      ,p5_20  ,       ,WAITING,READY  ,READY  ,WAITING,RUNNING,READY  ,DONE   ,READY  ,DONE   ,DONE   ,DONE   ,READY  ,DONE   ,READY  ,READY  
149    ,2      ,p14_7  ,       ,WAITING,READY  ,READY  ,WAITING,DONE   ,READY  ,DONE   ,READY  ,DONE   ,DONE   ,DONE   ,READY  ,DONE   ,RUNNING,READY  
150    ,2      ,p14_8  ,       ,WAITING,READY  ,READY  ,WAITING,DONE   ,READY  ,DONE   ,READY  ,DONE   ,DONE   ,DONE   ,READY  ,DONE   ,RUNNING,READY  
151    ,2      ,p14_9  ,       ,WAITING,READY  ,READY  ,WAITING,DONE   ,READY  ,DONE   ,READY  ,DONE   ,DONE   ,DONE   ,READY  ,DONE   ,RUNNING,READY  
152    ,2      ,p14_10 ,       ,WAITING,READY  ,READY  ,WAITING,DONE   ,READY  ,DONE   ,READY  ,DONE   ,DONE   ,DONE   ,READY  ,DONE   ,RUNNING,READY  
153    ,2      ,p14_11 ,       ,WAITING,READY  ,READY  ,WAITING,DONE   ,READY  ,DONE   ,READY  ,DONE   ,DONE   ,DONE   ,READY  ,DONE   ,RUNNING,READY  
154    ,2      ,p14_12 ,       ,WAITING,READY  ,READY  ,WAITING,DONE   ,READY  ,DONE   ,READY  ,DONE   ,DONE   ,DONE   ,READY  ,DONE   ,RUNNING,READY  
155    ,2      ,p14_13 ,       ,WAITING,READY  ,READY  ,WAITING,DONE   ,READY  ,DONE   ,READY  ,DONE   ,DONE   ,DONE   ,READY  ,DONE   ,RUNNING,READY  
156    ,2      ,p14_14 ,       ,WAITING,READY  ,READY  ,WAITING,DONE   ,READY  ,DONE   ,READY  ,DONE   ,DONE   ,DONE   ,READY  ,DONE   ,RUNNING,READY  
157    ,2      ,p15_7  ,       ,WAITING,READY  ,READY  ,WAITING,DONE   ,READY  ,DONE   ,READY  ,DONE   ,DONE   ,DONE   ,READY  ,DONE   ,READY  ,RUNNING
158    ,2      ,p15_8  ,       ,WAITING,READY  ,READY  ,WAITING,DONE   ,READY  ,DONE   ,READY  ,DONE   ,DONE   ,DONE   ,READY  ,DONE   ,READY  ,RUNNING
159    ,0      ,p4_20  ,       ,WAITING,READY  ,READY  ,RUNNING,DONE   ,READY  ,DONE   ,READY  ,DONE   ,DONE   ,DONE   ,READY  ,DONE   ,READY  ,READY  
160    ,2      ,p2_8   ,True   ,WAITING,RUNNING,READY  ,DONE   ,DONE   ,READY  ,DONE   ,READY  ,DONE   ,DONE   ,DONE   ,READY  ,DONE   ,READY  ,READY  
161    ,2      ,p3_8   ,True   ,WAITING,WAITING,RUNNING,DONE   ,DONE   ,READY  ,DONE   ,READY  ,DONE   ,DONE   ,DONE   ,READY  ,DONE   ,READY  ,READY  
162    ,2      ,p12_16 ,       ,WAITING,WAITING,WAITING,DONE   ,DONE   ,READY  ,DONE   ,READY  ,DONE   ,DONE   ,DONE   ,RUNNING,DONE   ,READY  ,READY  
163    ,0      ,p1_16  ,       ,RUNNING,READY  ,WAITING,DONE   ,DONE   ,READY  ,DONE   ,READY  ,DONE   ,DONE   ,DONE   ,READY  ,DONE   ,READY  ,READY  
164    ,0      ,p1_17  ,True   ,RUNNING,READY  ,WAITING,DONE   ,DONE   ,READY  ,DONE   ,READY  ,DONE   ,DONE   ,DONE   ,READY  ,DONE   ,READY  ,READY  
165    ,0      ,p2_9   ,       ,WAITING,RUNNING,WAITING,DONE   ,DONE   ,READY  ,DONE   ,READY  ,DONE   ,DONE   ,DONE   ,READY  ,DONE   ,READY  ,READY  
166    ,0      ,p2_10  ,True   ,WAITING,RUNNING,WAITING,DONE   ,DONE   ,READY  ,DONE   ,READY  ,DONE   ,DONE   ,DONE   ,READY  ,DONE   ,READY  ,READY  
167    ,2      ,p6_9   ,       ,WAITING,WAITING,WAITING,DONE   ,DONE   ,RUNNING,DONE   ,READY  ,DONE   ,DONE   ,DONE   ,READY  ,DONE   ,READY  ,READY  
168    ,2      ,p6_10  ,       ,WAITING,WAITING,WAITING,DONE   ,DONE   ,RUNNING,DONE   ,READY  ,DONE   ,DONE   ,DONE   ,READY  ,DONE   ,READY  ,READY  
169    ,2      ,p8_9   ,       ,WAITING,WAITING,WAITING,DONE   ,DONE   ,DONE   ,DONE   ,RUNNING,DONE   ,DONE   ,DONE   ,READY  ,DONE   ,READY  ,READY  
170    ,2      ,p8_10  ,       ,WAITING,WAITING,WAITING,DONE   ,DONE   ,DONE   ,DONE   ,RUNNING,DONE   ,DONE   ,DONE   ,READY  ,DONE   ,READY  ,READY  
171    ,2      ,p15_9  ,       ,WAITING,WAITING,WAITING,DONE   ,DONE   ,DONE   ,DONE   ,DONE   ,DONE   ,DONE   ,DONE   ,READY  ,DONE   ,READY  ,RUNNING
172    ,2      ,p15_10 ,       ,WAITING,WAITING,WAITING,DONE   ,DONE   ,DONE   ,DONE   ,DONE   ,DONE   ,DONE   ,DONE   ,READY  ,DONE   ,READY  ,RUNNING
173    ,0      ,p2_11  ,True   ,WAITING,RUNNING,WAITING,DONE   ,DONE   ,DONE   ,DONE   ,DONE   ,DONE   ,DONE   ,DONE   ,READY  ,DONE   ,READY  ,READY  
174    ,2      ,p12_17 ,       ,WAITING,WAITING,WAITING,DONE   ,DONE   ,DONE   ,DONE   ,DONE   ,DONE   ,DONE   ,DONE   ,RUNNING,DONE   ,READY  ,READY  
175    ,2      ,p12_18 ,       ,WAITING,WAITING,WAITING,DONE   ,DONE   ,DONE   ,DONE   ,DONE   ,DONE   ,DONE   ,DONE   ,RUNNING,DONE   ,READY  ,READY  
176    ,2      ,p12_19 ,       ,WAITING,WAITING,WAITING,DONE   ,DONE   ,DONE   ,DONE   ,DONE   ,DONE   ,DONE   ,DONE   ,RUNNING,DONE   ,READY  ,READY  
177    ,0      ,p2_12  ,True   ,WAITING,RUNNING,WAITING,DONE   ,DONE   ,DONE   ,DONE   ,DONE   ,DONE   ,DONE   ,DONE   ,READY  ,DONE   ,READY  ,READY  
178    ,0      ,p3_9   ,       ,WAITING,WAITING,RUNNING,DONE   ,DONE   ,DONE   ,DONE   ,DONE   ,DONE   ,DONE   ,DONE   ,READY  ,DONE   ,READY  ,READY  
179    ,0      ,p3_10  ,       ,READY  ,WAITING,RUNNING,DONE   ,DONE   ,DONE   ,DONE   ,DONE   ,DONE   ,DONE   ,DONE   ,READY  ,DONE   ,READY  ,READY  
180    ,0      ,p1_18  ,       ,RUNNING,WAITING,READY  ,DONE   ,DONE   ,DONE   ,DONE   ,DONE   ,DONE   ,DONE   ,DONE   ,READY  ,DONE   ,READY  ,READY  
181    ,0      ,p1_19  ,       ,RUNNING,WAITING,READY  ,DONE   ,DONE   ,DONE   ,DONE   ,DONE   ,DONE   ,DONE   ,DONE   ,READY  ,DONE   ,READY  ,READY  
182    ,1      ,p3_11  ,True   ,READY  ,WAITING,RUNNING,DONE   ,DONE   ,DONE   ,DONE   ,DONE   ,DONE   ,DONE   ,DONE   ,READY  ,DONE   ,READY  ,READY  
183    ,1      ,p1_20  ,       ,RUNNING,WAITING,WAITING,DONE   ,DONE   ,DONE   ,DONE   ,DONE   ,DONE   ,DONE   ,DONE   ,READY  ,DONE   ,READY  ,READY  
184    ,0      ,p3_12  ,       ,DONE   ,WAITING,RUNNING,DONE   ,DONE   ,DONE   ,DONE   ,DONE   ,DONE   ,DONE   ,DONE   ,READY  ,DONE   ,READY  ,READY  
185    ,0      ,p3_13  ,True   ,DONE   ,WAITING,RUNNING,DONE   ,DONE   ,DONE   ,DONE   ,DONE   ,DONE   ,DONE   ,DONE   ,READY  ,DONE   ,READY  ,READY  
186    ,2      ,p15_11 ,       ,DONE   ,WAITING,WAITING,DONE   ,DONE   ,DONE   ,DONE   ,DONE   ,DONE   ,DONE   ,DONE   ,READY  ,DONE   ,READY  ,RUNNING
187    ,2      ,p15_12 ,       ,DONE   ,WAITING,WAITING,DONE   ,DONE   ,DONE   ,DONE   ,DONE   ,DONE   ,DONE   ,DONE   ,READY  ,DONE   ,READY  ,RUNNING
188    ,2      ,p12_20 ,       ,DONE   ,WAITING,WAITING,DONE   ,DONE   ,DONE   ,DONE   ,DONE   ,DONE   ,DONE   ,DONE   ,RUNNING,DONE   ,READY  ,DONE   
189    ,2      ,p12_21 ,       ,DONE   ,WAITING,WAITING,DONE   ,DONE   ,DONE   ,DONE   ,DONE   ,DONE   ,DONE   ,DONE   ,RUNNING,DONE   ,READY  ,DONE   
190    ,2      ,p12_22 ,       ,DONE   ,WAITING,WAITING,DONE   ,DONE   ,DONE   ,DONE   ,DONE   ,DONE   ,DONE   ,DONE   ,RUNNING,DONE   ,READY  ,DONE   
191    ,2      ,p12_23 ,       ,DONE   ,WAITING,WAITING,DONE   ,DONE   ,DONE   ,DONE   ,DONE   ,DONE   ,DONE   ,DONE   ,RUNNING,DONE   ,READY  ,DONE   
192    ,2      ,p12_24 ,       ,DONE   ,WAITING,WAITING,DONE   ,DONE   ,DONE   ,DONE   ,DONE   ,DONE   ,DONE   ,DONE   ,RUNNING,DONE   ,READY  ,DONE   
193    ,2      ,p12_25 ,       ,DONE   ,WAITING,WAITING,DONE   ,DONE   ,DONE   ,DONE   ,DONE   ,DONE   ,DONE   ,DONE   ,RUNNING,DONE   ,READY  ,DONE   
194    ,2      ,p12_26 ,       ,DONE   ,WAITING,WAITING,DONE   ,DONE   ,DONE   ,DONE   ,DONE   ,DONE   ,DONE   ,DONE   ,RUNNING,DONE   ,READY  ,DONE   
195    ,2      ,p12_27 ,       ,DONE   ,WAITING,WAITING,DONE   ,DONE   ,DONE   ,DONE   ,DONE   ,DONE   ,DONE   ,DONE   ,RUNNING,DONE   ,READY  ,DONE   
196    ,3      ,p14_15 ,       ,DONE   ,WAITING,WAITING,DONE   ,DONE   ,DONE   ,DONE   ,DONE   ,DONE   ,DONE   ,DONE   ,READY  ,DONE   ,RUNNING,DONE   
197    ,3      ,p14_16 ,       ,DONE   ,WAITING,WAITING,DONE   ,DONE   ,DONE   ,DONE   ,DONE   ,DONE   ,DONE   ,DONE   ,READY  ,DONE   ,RUNNING,DONE   
198    ,3      ,p14_17 ,       ,DONE   ,WAITING,WAITING,DONE   ,DONE   ,DONE   ,DONE   ,DONE   ,DONE   ,DONE   ,DONE   ,READY  ,DONE   ,RUNNING,DONE   
199    ,3      ,p14_18 ,       ,DONE   ,WAITING,WAITING,DONE   ,DONE   ,DONE   ,DONE   ,DONE   ,DONE   ,DONE   ,DONE   ,READY  ,DONE   ,RUNNING,DONE   
200    ,0      ,p3_14  ,       ,DONE   ,WAITING,RUNNING,DONE   ,DONE   ,DONE   ,DONE   ,DONE   ,DONE   ,DONE   ,DONE   ,READY  ,DONE   ,READY  ,DONE   
201    ,0      ,p3_15  ,True   ,DONE   ,WAITING,RUNNING,DONE   ,DONE   ,DONE   ,DONE   ,DONE   ,DONE   ,DONE   ,DONE   ,READY  ,DONE   ,READY  ,DONE   
202    ,0      ,p2_13  ,True   ,DONE   ,RUNNING,WAITING,DONE   ,DONE   ,DONE   ,DONE   ,DONE   ,DONE   ,DONE   ,DONE   ,READY  ,DONE   ,READY  ,DONE   
203    ,3      ,p12_28 ,       ,DONE   ,WAITING,WAITING,DONE   ,DONE   ,DONE   ,DONE   ,DONE   ,DONE   ,DONE   ,DONE   ,RUNNING,DONE   ,READY  ,DONE   
204    ,3      ,p12_29 ,       ,DONE   ,WAITING,WAITING,DONE   ,DONE   ,DONE   ,DONE   ,DONE   ,DONE   ,DONE   ,DONE   ,RUNNING,DONE   ,READY  ,DONE   
205    ,3      ,p12_30 ,       ,DONE   ,WAITING,WAITING,DONE   ,DONE   ,DONE   ,DONE   ,DONE   ,DONE   ,DONE   ,DONE   ,RUNNING,DONE   ,READY  ,DONE   
206    ,0      ,p2_14  ,True   ,DONE   ,RUNNING,WAITING,DONE   ,DONE   ,DONE   ,DONE   ,DONE   ,DONE   ,DONE   ,DONE   ,READY  ,DONE   ,READY  ,DONE   
207    ,0      ,p3_16  ,True   ,DONE   ,WAITING,RUNNING,DONE   ,DONE   ,DONE   ,DONE   ,DONE   ,DONE   ,DONE   ,DONE   ,READY  ,DONE   ,READY  ,DONE   
208    ,3      ,p14_19 ,       ,DONE   ,WAITING,WAITING,DONE   ,DONE   ,DONE   ,DONE   ,DONE   ,DONE   ,DONE   ,DONE   ,READY  ,DONE   ,RUNNING,DONE   
209    ,3      ,p14_20 ,       ,DONE   ,WAITING,WAITING,DONE   ,DONE   ,DONE   ,DONE   ,DONE   ,DONE   ,DONE   ,DONE   ,READY  ,DONE   ,RUNNING,DONE   
210    ,3      ,p14_21 ,       ,DONE   ,WAITING,WAITING,DONE   ,DONE   ,DONE   ,DONE   ,DONE   ,DONE   ,DONE   ,DONE   ,READY  ,DONE   ,RUNNING,DONE   
211    ,3      ,p14_22 ,       ,DONE   ,WAITING,WAITING,DONE   ,DONE   ,DONE   ,DONE   ,DONE   ,DONE   ,DONE   ,DONE   ,READY  ,DONE   ,RUNNING,DONE   
212    ,3      ,p14_23 ,       ,DONE   ,WAITING,WAITING,DONE   ,DONE   ,DONE   ,DONE   ,DONE   ,DONE   ,DONE   ,DONE   ,READY  ,DONE   ,RUNNING,DONE   
213    ,3      ,p14_24 ,       ,DONE   ,WAITING,WAITING,DONE   ,DONE   ,DONE   ,DONE   ,DONE   ,DONE   ,DONE   ,DONE   ,READY  ,DONE   ,RUNNING,DONE   
214    ,3      ,p14_25 ,       ,DONE   ,WAITING,WAITING,DONE   ,DONE   ,DONE   ,DONE   ,DONE   ,DONE   ,DONE   ,DONE   ,READY  ,DONE   ,RUNNING,DONE   
215    ,3      ,p14_26 ,       ,DONE   ,WAITING,WAITING,DONE   ,DONE   ,DONE   ,DONE   ,DONE   ,DONE   ,DONE   ,DONE   ,READY  ,DONE   ,RUNNING,DONE   
216    ,3      ,p14_27 ,       ,DONE   ,WAITING,WAITING,DONE   ,DONE   ,DONE   ,DONE   ,DONE   ,DONE   ,DONE   ,DONE   ,READY  ,DONE   ,RUNNING,DONE   
217    ,0      ,p2_15  ,       ,DONE   ,RUNNING,WAITING,DONE   ,DONE   ,DONE   ,DONE   ,DONE   ,DONE   ,DONE   ,DONE   ,READY  ,DONE   ,READY  ,DONE   
218    ,0      ,p2_16  ,       ,DONE   ,RUNNING,WAITING,DONE   ,DONE   ,DONE   ,DONE   ,DONE   ,DONE   ,DONE   ,DONE   ,READY  ,DONE   ,READY  ,DONE   
219    ,1      ,p2_17  ,True   ,DONE   ,RUNNING,WAITING,DONE   ,DONE   ,DONE   ,DONE   ,DONE   ,DONE   ,DONE   ,DONE   ,READY  ,DONE   ,READY  ,DONE   
220    ,3      ,p12_31 ,       ,DONE   ,WAITING,WAITING,DONE   ,DONE   ,DONE   ,DONE   ,DONE   ,DONE   ,DONE   ,DONE   ,RUNNING,DONE   ,READY  ,DONE   
221    ,3      ,p12_32 ,       ,DONE   ,WAITING,WAITING,DONE   ,DONE   ,DONE   ,DONE   ,DONE   ,DONE   ,DONE   ,DONE   ,RUNNING,DONE   ,READY  ,DONE   
222    ,3      ,p12_33 ,       ,DONE   ,WAITING,WAITING,DONE   ,DONE   ,DONE   ,DONE   ,DONE   ,DONE   ,DONE   ,DONE   ,RUNNING,DONE   ,READY  ,DONE   
223    ,3      ,p12_34 ,       ,DONE   ,WAITING,WAITING,DONE   ,DONE   ,DONE   ,DONE   ,DONE   ,DONE   ,DONE   ,DONE   ,RUNNING,DONE   ,READY  ,DONE   
224    ,3      ,p12_35 ,       ,DONE   ,WAITING,WAITING,DONE   ,DONE   ,DONE   ,DONE   ,DONE   ,DONE   ,DONE   ,DONE   ,RUNNING,DONE   ,READY  ,DONE   
225    ,3      ,p12_36 ,       ,DONE   ,WAITING,WAITING,DONE   ,DONE   ,DONE   ,DONE   ,DONE   ,DONE   ,DONE   ,DONE   ,RUNNING,DONE   ,READY  ,DONE   
226    ,3      ,p12_37 ,       ,DONE   ,WAITING,WAITING,DONE   ,DONE   ,DONE   ,DONE   ,DONE   ,DONE   ,DONE   ,DONE   ,RUNNING,DONE   ,READY  ,DONE   
227    ,3      ,p12_38 ,       ,DONE   ,WAITING,WAITING,DONE   ,DONE   ,DONE   ,DONE   ,DONE   ,DONE   ,DONE   ,DONE   ,RUNNING,DONE   ,READY  ,DONE   
228    ,0      ,p2_18  ,True   ,DONE   ,RUNNING,READY  ,DONE   ,DONE   ,DONE   ,DONE   ,DONE   ,DONE   ,DONE   ,DONE   ,READY  ,DONE   ,READY  ,DONE   
229    ,0      ,p3_17  ,True   ,DONE   ,WAITING,RUNNING,DONE   ,DONE   ,DONE   ,DONE   ,DONE   ,DONE   ,DONE   ,DONE   ,READY  ,DONE   ,READY  ,DONE   
230    ,0      ,p2_19  ,       ,DONE   ,RUNNING,WAITING,DONE   ,DONE   ,DONE   ,DONE   ,DONE   ,DONE   ,DONE   ,DONE   ,READY  ,DONE   ,READY  ,DONE   
231    ,0      ,p2_20  ,       ,DONE   ,RUNNING,WAITING,DONE   ,DONE   ,DONE   ,DONE   ,DONE   ,DONE   ,DONE   ,DONE   ,READY  ,DONE   ,READY  ,DONE   
232    ,3      ,p14_28 ,       ,DONE   ,DONE   ,WAITING,DONE   ,DONE   ,DONE   ,DONE   ,DONE   ,DONE   ,DONE   ,DONE   ,READY  ,DONE   ,RUNNING,DONE   
233    ,3      ,p14_29 ,       ,DONE   ,DONE   ,WAITING,DONE   ,DONE   ,DONE   ,DONE   ,DONE   ,DONE   ,DONE   ,DONE   ,READY  ,DONE   ,RUNNING,DONE   
234    ,3      ,p14_30 ,       ,DONE   ,DONE   ,WAITING,DONE   ,DONE   ,DONE   ,DONE   ,DONE   ,DONE   ,DONE   ,DONE   ,READY  ,DONE   ,RUNNING,DONE   
235    ,3      ,p14_31 ,       ,DONE   ,DONE   ,WAITING,DONE   ,DONE   ,DONE   ,DONE   ,DONE   ,DONE   ,DONE   ,DONE   ,READY  ,DONE   ,RUNNING,DONE   
236    ,0      ,p3_18  ,True   ,DONE   ,DONE   ,RUNNING,DONE   ,DONE   ,DONE   ,DONE   ,DONE   ,DONE   ,DONE   ,DONE   ,READY  ,DONE   ,READY  ,DONE   
237    ,3      ,p12_39 ,       ,DONE   ,DONE   ,WAITING,DONE   ,DONE   ,DONE   ,DONE   ,DONE   ,DONE   ,DONE   ,DONE   ,RUNNING,DONE   ,READY  ,DONE   
238    ,0      ,p3_19  ,       ,DONE   ,DONE   ,RUNNING,DONE   ,DONE   ,DONE   ,DONE   ,DONE   ,DONE   ,DONE   ,DONE   ,READY  ,DONE   ,READY  ,DONE   
239    ,0      ,p3_20  ,       ,DONE   ,DONE   ,RUNNING,DONE   ,DONE   ,DONE   ,DONE   ,DONE   ,DONE   ,DONE   ,DONE   ,READY  ,DONE   ,READY  ,DONE   
240    ,3      ,p14_32 ,       ,DONE   ,DONE   ,DONE   ,DONE   ,DONE   ,DONE   ,DONE   ,DONE   ,DONE   ,DONE   ,DONE   ,READY  ,DONE   ,RUNNING,DONE   
241    ,3      ,p14_33 ,       ,DONE   ,DONE   ,DONE   ,DONE   ,DONE   ,DONE   ,DONE   ,DONE   ,DONE   ,DONE   ,DONE   ,READY  ,DONE   ,RUNNING,DONE   
242    ,3      ,p14_34 ,       ,DONE   ,DONE   ,DONE   ,DONE   ,DONE   ,DONE   ,DONE   ,DONE   ,DONE   ,DONE   ,DONE   ,READY  ,DONE   ,RUNNING,DONE   
243    ,3      ,p14_35 ,       ,DONE   ,DONE   ,DONE   ,DONE   ,DONE   ,DONE   ,DONE   ,DONE   ,DONE   ,DONE   ,DONE   ,READY  ,DONE   ,RUNNING,DONE   
244    ,3      ,p14_36 ,       ,DONE   ,DONE   ,DONE   ,DONE   ,DONE   ,DONE   ,DONE   ,DONE   ,DONE   ,DONE   ,DONE   ,READY  ,DONE   ,RUNNING,DONE   
245    ,3      ,p14_37 ,       ,DONE   ,DONE   ,DONE   ,DONE   ,DONE   ,DONE   ,DONE   ,DONE   ,DONE   ,DONE   ,DONE   ,READY  ,DONE   ,RUNNING,DONE   
246    ,3      ,p14_38 ,       ,DONE   ,DONE   ,DONE   ,DONE   ,DONE   ,DONE   ,DONE   ,DONE   ,DONE   ,DONE   ,DONE   ,READY  ,DONE   ,RUNNING,DONE   
247    ,3      ,p14_39 ,       ,DONE   ,DONE   ,DONE   ,DONE   ,DONE   ,DONE   ,DONE   ,DONE   ,DONE   ,DONE   ,DONE   ,READY  ,DONE   ,RUNNING,DONE   
248    ,3      ,p14_40 ,       ,DONE   ,DONE   ,DONE   ,DONE   ,DONE   ,DONE   ,DONE   ,DONE   ,DONE   ,DONE   ,DONE   ,READY  ,DONE   ,RUNNING,DONE   
249    ,3      ,p12_40 ,       ,DONE   ,DONE   ,DONE   ,DONE   ,DONE   ,DONE   ,DONE   ,DONE   ,DONE   ,DONE   ,DONE   ,RUNNING,DONE   ,DONE   ,DONE   
250    ,       ,WAITING,       ,DONE   ,DONE   ,DONE   ,DONE   ,DONE   ,DONE   ,DONE   ,DONE   ,DONE   ,DONE   ,DONE   ,DONE   ,DONE   ,DONE   ,DONE   
